word,credit,website,note
stinky,rubn,,WORSE THAN LILYPADSTEIN
gay,website,https://alligator-forest.itch.io/,GO MY HUNDREDS GO GO GO
amaranthine,Alex Limone,,BallOS
acedia,MegidoArk,https://github.com/MegidoArk/,Ballos
hippopotomonstrosesquipedaliophobia,Iamironman15,,:)
ostensibly,va,https://physi.bandcamp.com,"everyone should follow me on bandcamp and spotify and listen to the albums there like 'love, from the trees and the sun' and 'Glow'. i also think everyone should play kitten love emulator which i honestly believe is one of the best games ever made https://store.steampowered.com/app/971480"
fortnight,uncredited,,its ok
paprika,uncredited,,Mmm chocolate donut
osprey,sun_sun (on literally anything idc),,orb
hi,rubn,Zombo.com,EWWWWWW
ra,rubn,Zombo.com,EWWWWWW
ga,rubn,Zombo.com,EWWWWWW
na,rubn,Zombo.com,EWWWWWW
fortnite,skrunkgy,https://localhost:8080,its ok
ludicrous,Top Rat This Side of the Sahara,no.com,Balright
crisp,supersonicdashz,,blerp blorp
frost,supersonicdashz,,blerp blorp
calcite,supersonicdashz,,blerp blorp
precious,supersonicdashz,,blerp blorp
halo,supersonicdashz,,blerp blorp
sheepishly,supersonicdashz,,blerp blorp
pebbles,supersonicdashz,,blerp blorp
lukewarm,supersonicdashz,,blerp blorp
switcheroo,supersonicdashz,,blerp blorp
slinky,supersonicdashz,,blerp blorp
locket,supersonicdashz,,blerp blorp
wronskian,WobbliestGem,,"no thoughts, head empty"
epicaricacy,WobbliestGem,,"no thoughts, head empty"
tokiponido,WobbliestGem,,"no thoughts, head empty"
stravenue,WobbliestGem,,"no thoughts, head empty"
numismatician,WobbliestGem,,"no thoughts, head empty"
isestablishmentarianism,calchoo,https://kamical.itch.io/,magnum opus
pneumonoultramicroscopicsilicovolcanoconiosis,calchoo,https://kamical.itch.io/,magnum opus
floccinaucinihilipilification,calchoo,https://kamical.itch.io/,magnum opus
ampule,calchoo,https://kamical.itch.io/,magnum opus
ream,calchoo,https://kamical.itch.io/,magnum opus
pshaw,calchoo,https://kamical.itch.io/,magnum opus
yacht,calchoo,https://kamical.itch.io/,magnum opus
soda,calchoo,https://kamical.itch.io/,magnum opus
can,calchoo,https://kamical.itch.io/,magnum opus
explosion,calchoo,https://kamical.itch.io/,magnum opus
fruit,calchoo,https://kamical.itch.io/,magnum opus
gummy,calchoo,https://kamical.itch.io/,magnum opus
weed,calchoo,https://kamical.itch.io/,magnum opus
cocaine,calchoo,https://kamical.itch.io/,magnum opus
fentanyl,calchoo,https://kamical.itch.io/,magnum opus
horse,calchoo,https://kamical.itch.io/,magnum opus
game,calchoo,https://kamical.itch.io/,magnum opus
nuclear,calchoo,https://kamical.itch.io/,magnum opus
bomb,calchoo,https://kamical.itch.io/,magnum opus
sunscreen,calchoo,https://kamical.itch.io/,magnum opus
peak,calchoo,https://kamical.itch.io/,magnum opus
cinema,calchoo,https://kamical.itch.io/,magnum opus
resident,calchoo,https://kamical.itch.io/,magnum opus
evil,calchoo,https://kamical.itch.io/,magnum opus
requiem,calchoo,https://kamical.itch.io/,magnum opus
persona,calchoo,https://kamical.itch.io/,magnum opus
unbeatable,calchoo,https://kamical.itch.io/,magnum opus
friend,calchoo,https://kamical.itch.io/,magnum opus
slop,calchoo,https://kamical.itch.io/,magnum opus
orange,calchoo,https://kamical.itch.io/,magnum opus
giant,calchoo,https://kamical.itch.io/,magnum opus
rock,calchoo,https://kamical.itch.io/,magnum opus
boulder,calchoo,https://kamical.itch.io/,magnum opus
cliff,calchoo,https://kamical.itch.io/,magnum opus
notes,calchoo,https://kamical.itch.io/,magnum opus
pills,calchoo,https://kamical.itch.io/,magnum opus
carbon,calchoo,https://kamical.itch.io/,magnum opus
flouride,calchoo,https://kamical.itch.io/,magnum opus
refrigerant,calchoo,https://kamical.itch.io/,magnum opus
chemical,calchoo,https://kamical.itch.io/,magnum opus
test,calchoo,https://kamical.itch.io/,magnum opus
tube,calchoo,https://kamical.itch.io/,magnum opus
graduated,calchoo,https://kamical.itch.io/,magnum opus
cylinder,calchoo,https://kamical.itch.io/,magnum opus
lip,calchoo,https://kamical.itch.io/,magnum opus
balm,calchoo,https://kamical.itch.io/,magnum opus
dumpling,calchoo,https://kamical.itch.io/,magnum opus
noodle,calchoo,https://kamical.itch.io/,magnum opus
soup,calchoo,https://kamical.itch.io/,magnum opus
wonton,calchoo,https://kamical.itch.io/,magnum opus
ham,calchoo,https://kamical.itch.io/,magnum opus
corn,calchoo,https://kamical.itch.io/,magnum opus
egg,calchoo,https://kamical.itch.io/,magnum opus
tomato,calchoo,https://kamical.itch.io/,magnum opus
salt,calchoo,https://kamical.itch.io/,magnum opus
pepper,calchoo,https://kamical.itch.io/,magnum opus
cajun,calchoo,https://kamical.itch.io/,magnum opus
cumin,calchoo,https://kamical.itch.io/,magnum opus
paprika,calchoo,https://kamical.itch.io/,magnum opus
garlic,calchoo,https://kamical.itch.io/,magnum opus
cilantro,calchoo,https://kamical.itch.io/,magnum opus
rocket,calchoo,https://kamical.itch.io/,magnum opus
parsley,calchoo,https://kamical.itch.io/,magnum opus
fidget,calchoo,https://kamical.itch.io/,magnum opus
ring,calchoo,https://kamical.itch.io/,magnum opus
toy,calchoo,https://kamical.itch.io/,magnum opus
adhesive,calchoo,https://kamical.itch.io/,magnum opus
poster,calchoo,https://kamical.itch.io/,magnum opus
tape,calchoo,https://kamical.itch.io/,magnum opus
glue,calchoo,https://kamical.itch.io/,magnum opus
stick,calchoo,https://kamical.itch.io/,magnum opus
ball,calchoo,https://kamical.itch.io/,magnum opus
man,calchoo,https://kamical.itch.io/,magnum opus
woman,calchoo,https://kamical.itch.io/,magnum opus
binary,calchoo,https://kamical.itch.io/,magnum opus
gay,calchoo,https://kamical.itch.io/,magnum opus
lesbian,calchoo,https://kamical.itch.io/,magnum opus
homosexual,calchoo,https://kamical.itch.io/,magnum opus
asexual,calchoo,https://kamical.itch.io/,magnum opus
single,calchoo,https://kamical.itch.io/,magnum opus
mingle,calchoo,https://kamical.itch.io/,magnum opus
date,calchoo,https://kamical.itch.io/,magnum opus
hand,calchoo,https://kamical.itch.io/,magnum opus
sanitize,calchoo,https://kamical.itch.io/,magnum opus
cream,calchoo,https://kamical.itch.io/,magnum opus
ice,calchoo,https://kamical.itch.io/,magnum opus
cube,calchoo,https://kamical.itch.io/,magnum opus
dodecahedron,calchoo,https://kamical.itch.io/,magnum opus
apeirogon,calchoo,https://kamical.itch.io/,magnum opus
engineer,calchoo,https://kamical.itch.io/,magnum opus
water,calchoo,https://kamical.itch.io/,magnum opus
beer,calchoo,https://kamical.itch.io/,magnum opus
sake,calchoo,https://kamical.itch.io/,magnum opus
soju,calchoo,https://kamical.itch.io/,magnum opus
wine,calchoo,https://kamical.itch.io/,magnum opus
vodka,calchoo,https://kamical.itch.io/,magnum opus
whiskey,calchoo,https://kamical.itch.io/,magnum opus
money,calchoo,https://kamical.itch.io/,magnum opus
coin,calchoo,https://kamical.itch.io/,magnum opus
dollar,calchoo,https://kamical.itch.io/,magnum opus
wallet,calchoo,https://kamical.itch.io/,magnum opus
card,calchoo,https://kamical.itch.io/,magnum opus
jar,calchoo,https://kamical.itch.io/,magnum opus
butt,calchoo,https://kamical.itch.io/,magnum opus
leg,calchoo,https://kamical.itch.io/,magnum opus
foot,calchoo,https://kamical.itch.io/,magnum opus
shoe,calchoo,https://kamical.itch.io/,magnum opus
lace,calchoo,https://kamical.itch.io/,magnum opus
tie,calchoo,https://kamical.itch.io/,magnum opus
bow,calchoo,https://kamical.itch.io/,magnum opus
miasma,calchoo,https://kamical.itch.io/,magnum opus
robot,calchoo,https://kamical.itch.io/,magnum opus
question,calchoo,https://kamical.itch.io/,magnum opus
keyboard,calchoo,https://kamical.itch.io/,magnum opus
mouse,calchoo,https://kamical.itch.io/,magnum opus
computer,calchoo,https://kamical.itch.io/,magnum opus
home,calchoo,https://kamical.itch.io/,magnum opus
house,calchoo,https://kamical.itch.io/,magnum opus
apartment,calchoo,https://kamical.itch.io/,magnum opus
curtain,calchoo,https://kamical.itch.io/,magnum opus
stand,calchoo,https://kamical.itch.io/,magnum opus
table,calchoo,https://kamical.itch.io/,magnum opus
clock,calchoo,https://kamical.itch.io/,magnum opus
lanyard,calchoo,https://kamical.itch.io/,magnum opus
figure,calchoo,https://kamical.itch.io/,magnum opus
dangerously,Erm i forgot the old handle,,I forgot my thoughts too
chair,Erm i forgot the old handle,,I forgot my thoughts too
pumpkin,Erm i forgot the old handle,,I forgot my thoughts too
pretentious,Erm i forgot the old handle,,I forgot my thoughts too
syzygy,Erm i forgot the old handle,,I forgot my thoughts too
i,uncredited,,No I don’t think
don’t,uncredited,,No I don’t think
know,uncredited,,No I don’t think
bodacious,Karpy,,glue
super,sun_sun,http://128.235.13.161,balls 2
flaps,sun_sun,http://128.235.13.161,balls 2
gaming,sun_sun,http://128.235.13.161,balls 2
house,sun_sun,http://128.235.13.161,balls 2
balls,sun_sun,http://128.235.13.161,balls 2
spunk,sun_sun,http://128.235.13.161,balls 2
member,sun_sun,http://128.235.13.161,balls 2
shaft,sun_sun,http://128.235.13.161,balls 2
seaman,sun_sun,http://128.235.13.161,balls 2
sailors,sun_sun,http://128.235.13.161,balls 2
load,sun_sun,http://128.235.13.161,balls 2
wack,sun_sun,http://128.235.13.161,balls 2
jerk,sun_sun,http://128.235.13.161,balls 2
throb,sun_sun,http://128.235.13.161,balls 2
frog,sun_sun,http://128.235.13.161,balls 2
hanky-panky,sun_sun,http://128.235.13.161,balls 2
slap,sun_sun,http://128.235.13.161,balls 2
spank,sun_sun,http://128.235.13.161,balls 2
stroke,sun_sun,http://128.235.13.161,balls 2
slime,sun_sun,http://128.235.13.161,balls 2
choke,sun_sun,http://128.235.13.161,balls 2
gag,sun_sun,http://128.235.13.161,balls 2
swallow,sun_sun,http://128.235.13.161,balls 2
slur,sun_sun,http://128.235.13.161,balls 2
frank,sun_sun,http://128.235.13.161,balls 2
weiner,sun_sun,http://128.235.13.161,balls 2
flapjack,sun_sun,http://128.235.13.161,balls 2
corndog,sun_sun,http://128.235.13.161,balls 2
weenie,sun_sun,http://128.235.13.161,balls 2
one-footer,sun_sun,http://128.235.13.161,balls 2
five-dollar-foot-long,sun_sun,http://128.235.13.161,balls 2
costco-hot-dog,sun_sun,http://128.235.13.161,balls 2
costco,sun_sun,http://128.235.13.161,balls 2
chicken-bake,sun_sun,http://128.235.13.161,balls 2
five-big-booms,sun_sun,http://128.235.13.161,balls 2
